id,style,question,expected,baseline_route,baseline_correct,baseline_p_search,baseline_ms,modernjev_route,modernjev_correct,modernjev_p_search,modernjev_ms,laya_route,laya_correct,laya_p_search,laya_ms,qwen_jev_route,qwen_jev_correct,qwen_jev_p_search,qwen_jev_ms
single-001,single,Explain Article 14 of the Constitution of India and cite the provision.,search,no_search,False,,6707.095,no_search,False,0.4073334336280823,48.684,no_search,False,0.3036,73.283,no_search,False,0.3593641519546509,219.938
single-002,single,Hello!,no_search,no_search,True,,3684.642,no_search,True,0.13296423852443695,57.741,no_search,True,0.0625,69.057,no_search,True,0.3593641519546509,177.196
single-003,single,Explain Article 15 of the Constitution of India and cite the provision.,search,no_search,False,,7017.557,no_search,False,0.3775406777858734,59.733,no_search,False,0.3091,58.149,no_search,False,0.36658975481987,198.182
single-004,single,Good morning,no_search,no_search,True,,867.602,no_search,True,0.14804719388484955,72.287,no_search,True,0.2464,69.708,no_search,True,0.3380771279335022,190.727
single-005,single,Explain Article 16 of the Constitution of India and cite the provision.,search,search,True,,1455.589,no_search,False,0.3775406777858734,65.395,no_search,False,0.3246,47.412,no_search,False,0.35220178961753845,187.23
single-006,single,Thanks for helping,no_search,no_search,True,,1699.928,no_search,True,0.16451646387577057,92.14,no_search,True,0.1175,56.496,no_search,True,0.2845759987831116,189.463
single-007,single,Explain Article 17 of the Constitution of India and cite the provision.,search,search,True,,1282.571,no_search,False,0.3775406777858734,140.16,no_search,False,0.3075,63.601,no_search,False,0.3593641519546509,187.309
single-008,single,"Okay, understood",no_search,no_search,True,,831.683,no_search,True,0.14804719388484955,44.632,no_search,True,0.1081,35.682,no_search,True,0.36296921968460083,205.209
single-009,single,Explain Article 18 of the Constitution of India and cite the provision.,search,no_search,False,,3303.358,no_search,False,0.4073334336280823,65.99,no_search,False,0.3158,31.983,no_search,False,0.3593641519546509,298.833
single-010,single,What can you help me with?,no_search,no_search,True,,2467.98,no_search,True,0.18242551386356354,88.606,no_search,True,0.3533,24.764,no_search,True,0.3557748794555664,158.665
single-011,single,Explain Article 19 of the Constitution of India and cite the provision.,search,search,True,,1172.443,no_search,False,0.4073334336280823,73.021,no_search,False,0.3192,24.65,no_search,False,0.3593641519546509,162.843
single-012,single,How should I ask a question here?,no_search,no_search,True,,2616.845,no_search,True,0.2689414322376251,66.239,no_search,True,0.2376,24.289,no_search,True,0.30404165387153625,161.705
single-013,single,Explain Article 20 of the Constitution of India and cite the provision.,search,no_search,False,,3708.425,no_search,False,0.4073334336280823,95.888,no_search,False,0.3127,24.899,no_search,False,0.37022536993026733,183.034
single-014,single,Tell me your role,no_search,no_search,True,,1347.157,no_search,True,0.2018132209777832,113.502,search,False,0.7317,37.655,no_search,True,0.30404165387153625,162.4
single-015,single,Explain Article 21 of the Constitution of India and cite the provision.,search,no_search,False,,7377.122,no_search,False,0.4378235340118408,53.453,no_search,False,0.3086,33.99,no_search,False,0.3593641519546509,191.417
single-016,single,Can we continue later?,no_search,no_search,True,,2013.793,no_search,True,0.4073334336280823,90.922,no_search,True,0.1606,28.037,no_search,True,0.27202457189559937,163.324
single-017,single,Explain Article 21A of the Constitution of India and cite the provision.,search,search,True,,2020.885,no_search,False,0.3486451804637909,99.124,no_search,False,0.3175,47.045,no_search,False,0.37387582659721375,216.843
single-018,single,Tell me a short joke about studying,no_search,no_search,True,,1772.372,no_search,True,0.14804719388484955,66.982,no_search,True,0.0589,32.506,no_search,True,0.27202457189559937,198.687
single-019,single,Explain Article 22 of the Constitution of India and cite the provision.,search,search,True,,1279.638,no_search,False,0.3486451804637909,55.515,no_search,False,0.3078,27.481,no_search,False,0.3557748794555664,169.51
single-020,single,Suggest a name for my study group,no_search,no_search,True,,2572.558,no_search,True,0.24508501589298248,147.289,no_search,True,0.2358,24.892,no_search,True,0.2568320035934448,157.506
single-021,single,Explain Article 23 of the Constitution of India and cite the provision.,search,search,True,,2401.412,no_search,False,0.4073334336280823,51.897,no_search,False,0.3053,34.421,no_search,False,0.3557748794555664,155.756
single-022,single,Rewrite this politely: Send me the notes now.,no_search,no_search,True,,2032.577,no_search,True,0.24508501589298248,51.236,no_search,True,0.1528,32.822,no_search,True,0.2643583416938782,168.473
single-023,single,Explain Article 24 of the Constitution of India and cite the provision.,search,no_search,False,,4741.391,no_search,False,0.4687906503677368,66.858,no_search,False,0.3116,27.774,no_search,False,0.3593641519546509,187.401
single-024,single,Fix grammar: She have three books.,no_search,no_search,True,,1052.936,no_search,True,0.2689414322376251,77.92,no_search,True,0.03,39.188,no_search,True,0.267408162355423,177.213
single-025,single,Explain Article 25 of the Constitution of India and cite the provision.,search,no_search,False,,6590.793,no_search,False,0.4378235340118408,71.308,no_search,False,0.301,33.864,no_search,False,0.36296921968460083,158.59
single-026,single,Translate to Hindi: Thank you for your help.,no_search,no_search,True,,795.391,no_search,True,0.3775406777858734,55.745,no_search,True,0.1924,33.577,no_search,True,0.2643583416938782,161.08
single-027,single,Explain Article 26 of the Constitution of India and cite the provision.,search,search,True,,1939.936,no_search,False,0.4378235340118408,59.826,no_search,False,0.3179,28.11,no_search,False,0.36296921968460083,163.575
single-028,single,Shorten this: I am writing to request your assistance.,no_search,no_search,True,,846.495,search,False,0.5,106.561,no_search,True,0.1921,30.896,no_search,True,0.2598256468772888,168.112
single-029,single,Explain Article 27 of the Constitution of India and cite the provision.,search,search,True,,895.944,no_search,False,0.3775406777858734,91.56,no_search,False,0.3109,39.172,no_search,False,0.36658975481987,186.101
single-030,single,"Turn this into bullets: Read, revise, practice.",no_search,no_search,True,,875.66,search,False,0.562176525592804,43.421,no_search,True,0.1302,26.03,no_search,True,0.37022536993026733,172.767
single-031,single,Explain Article 28 of the Constitution of India and cite the provision.,search,no_search,False,,5220.504,no_search,False,0.4073334336280823,59.869,no_search,False,0.3077,28.614,no_search,False,0.3593641519546509,162.721
single-032,single,"Make this formal: Hey, I need a break.",no_search,no_search,True,,875.575,no_search,True,0.3775406777858734,73.381,no_search,True,0.1318,50.659,no_search,True,0.24364244937896729,161.419
single-033,single,Explain Article 29 of the Constitution of India and cite the provision.,search,no_search,False,,5369.313,no_search,False,0.4073334336280823,45.756,no_search,False,0.305,53.073,no_search,False,0.37022536993026733,176.788
single-034,single,Explain that,no_search,no_search,True,,1793.25,no_search,True,0.14804719388484955,56.788,no_search,True,0.1854,40.021,no_search,True,0.37387582659721375,177.34
single-035,single,Explain Article 30 of the Constitution of India and cite the provision.,search,search,True,,1282.408,no_search,False,0.4073334336280823,66.737,no_search,False,0.3022,26.71,no_search,False,0.34510529041290283,158.069
single-036,single,Compare those two,no_search,no_search,True,,1201.76,no_search,True,0.18242551386356354,181.77,no_search,True,0.1012,26.774,no_search,True,0.37022536993026733,163.563
single-037,single,Explain Article 32 of the Constitution of India and cite the provision.,search,search,True,,1169.365,no_search,False,0.4073334336280823,49.44,no_search,False,0.3194,34.936,no_search,False,0.34510529041290283,186.561
single-038,single,Give me its citation,no_search,no_search,True,,1198.174,no_search,True,0.18242551386356354,46.864,no_search,True,0.1354,25.775,no_search,True,0.41111084818840027,184.309
single-039,single,Explain Article 39A of the Constitution of India and cite the provision.,search,search,True,,2117.815,no_search,False,0.3775406777858734,44.832,no_search,False,0.3153,25.354,no_search,False,0.36658975481987,186.081
single-040,single,What about the other article?,no_search,no_search,True,,1190.806,no_search,True,0.3775406777858734,52.843,no_search,True,0.312,26.637,no_search,True,0.41111084818840027,183.476
single-041,single,Explain Article 44 of the Constitution of India and cite the provision.,search,search,True,,1386.412,no_search,False,0.4378235340118408,75.447,no_search,False,0.2938,31.884,no_search,False,0.3557748794555664,197.972
single-042,single,Which document did I upload?,no_search,no_search,True,,1239.508,no_search,True,0.3775406777858734,67.05,no_search,True,0.1245,27.259,no_search,True,0.2523840367794037,165.011
single-043,single,Explain Article 51A of the Constitution of India and cite the provision.,search,no_search,False,,6884.892,no_search,False,0.4378235340118408,64.306,no_search,False,0.3205,25.392,no_search,False,0.36296921968460083,202.533
single-044,single,I meant the second one,no_search,no_search,True,,1230.737,no_search,True,0.2018132209777832,43.283,no_search,True,0.2723,28.953,no_search,True,0.33111974596977234,176.901
single-045,single,Explain Article 72 of the Constitution of India and cite the provision.,search,search,True,,1111.959,no_search,False,0.4073334336280823,45.14,no_search,False,0.3186,26.158,no_search,False,0.36296921968460083,219.034
single-046,single,Summarize the missing attachment,no_search,no_search,True,,1416.32,no_search,True,0.29421496391296387,53.699,no_search,True,0.1129,27.846,no_search,True,0.31742629408836365,179.762
single-047,single,Explain Article 110 of the Constitution of India and cite the provision.,search,search,True,,2379.255,no_search,False,0.4378235340118408,56.308,no_search,False,0.3132,40.177,no_search,False,0.37387582659721375,162.5
single-048,single,What article am I thinking about?,no_search,no_search,True,,1068.774,no_search,True,0.29421496391296387,53.222,no_search,True,0.3294,67.884,no_search,True,0.34510529041290283,155.882
single-049,single,Explain Article 123 of the Constitution of India and cite the provision.,search,search,True,,2010.414,no_search,False,0.3775406777858734,59.788,no_search,False,0.3229,31.445,no_search,False,0.36296921968460083,191.237
single-050,single,Translate your previous answer,no_search,no_search,True,,1167.824,no_search,True,0.24508501589298248,41.122,no_search,True,0.0899,27.452,no_search,True,0.4035668969154358,153.697
multi-051,multi,Summarize your answer in one sentence.,no_search,no_search,True,,873.874,no_search,True,0.3208213150501251,54.147,no_search,True,0.3383,99.853,no_search,True,0.3345894515514374,211.42
multi-052,multi,"Keep it simple, and compare that with Article 324 with a source citation.",search,search,True,,1038.52,no_search,False,0.24508501589298248,49.583,no_search,False,0.4464,29.679,no_search,False,0.3486451506614685,163.254
multi-053,multi,Explain your answer in simpler words.,no_search,no_search,True,,1038.416,no_search,True,0.4687906503677368,72.006,no_search,True,0.454,52.326,no_search,True,0.2538610100746155,190.924
multi-054,multi,Now explain Article 326 and cite its text.,search,search,True,,1079.163,no_search,False,0.22270014882087708,171.6,search,True,0.5638,38.658,no_search,False,0.3208213150501251,194.301
multi-055,multi,Translate your answer to Hindi.,no_search,no_search,True,,1670.802,no_search,True,0.3486451804637909,49.076,no_search,True,0.1843,31.964,no_search,True,0.33111974596977234,205.537
multi-056,multi,"Keep it simple, and compare that with Article 368 with a source citation.",search,search,True,,966.876,no_search,False,0.10669060051441193,47.287,no_search,False,0.3463,39.073,no_search,False,0.3380771279335022,171.268
multi-057,multi,Turn your answer into bullet points.,no_search,no_search,True,,977.875,no_search,True,0.3775406777858734,49.864,no_search,True,0.2111,38.707,no_search,True,0.27202457189559937,223.568
multi-058,multi,Now explain Article 280 and cite its text.,search,search,True,,1042.606,no_search,False,0.18242551386356354,71.425,no_search,False,0.4683,37.585,no_search,False,0.3225260078907013,196.539
multi-059,multi,Repeat the article citation you already gave.,no_search,no_search,True,,1175.948,no_search,True,0.3486451804637909,45.281,no_search,True,0.2677,37.377,no_search,True,0.3415825068950653,187.741
multi-060,multi,"Keep it simple, and compare that with Article 148 with a source citation.",search,search,True,,1026.027,no_search,False,0.3208213150501251,41.528,no_search,False,0.3631,29.59,no_search,False,0.38861799240112305,187.771
multi-061,multi,Summarize your answer in one sentence.,no_search,no_search,True,,899.879,no_search,True,0.3775406777858734,47.89,no_search,True,0.2436,39.017,no_search,True,0.2523840367794037,193.329
multi-062,multi,Now explain Article 356 and cite its text.,search,search,True,,1455.19,no_search,False,0.18242551386356354,42.005,no_search,False,0.3877,82.515,no_search,False,0.3486451506614685,190.601
multi-063,multi,Explain your answer in simpler words.,no_search,search,False,,1619.446,no_search,True,0.4073334336280823,70.812,no_search,True,0.3512,65.104,no_search,True,0.3106943964958191,177.02
multi-064,multi,"Keep it simple, and compare that with Article 352 with a source citation.",search,search,True,,1432.369,no_search,False,0.24508501589298248,131.285,no_search,False,0.3696,32.725,no_search,False,0.33111974596977234,171.928
multi-065,multi,Translate your answer to Hindi.,no_search,no_search,True,,900.621,no_search,True,0.4378235340118408,58.684,search,False,0.546,30.251,no_search,True,0.2267836183309555,191.61
multi-066,multi,Now explain Article 300A and cite its text.,search,search,True,,1130.403,no_search,False,0.2018132209777832,45.135,search,True,0.5099,37.666,no_search,False,0.31573596596717834,256.455
multi-067,multi,Turn your answer into bullet points.,no_search,no_search,True,,1843.443,search,False,0.6513549089431763,64.437,no_search,True,0.0943,26.627,no_search,True,0.3593641519546509,155.777
multi-068,multi,"Keep it simple, and compare that with Article 226 with a source citation.",search,search,True,,1645.516,no_search,False,0.2018132209777832,44.091,no_search,False,0.261,28.947,no_search,False,0.3775406777858734,158.359
multi-069,multi,Repeat the article citation you already gave.,no_search,no_search,True,,827.929,no_search,True,0.4073334336280823,76.719,no_search,True,0.3969,34.586,no_search,True,0.21733751893043518,179.251
multi-070,multi,Now explain Article 124 and cite its text.,search,search,True,,2667.077,no_search,False,0.3486451804637909,65.204,no_search,False,0.4051,32.919,no_search,False,0.2925953269004822,169.243
multi-071,multi,Summarize your answer in one sentence.,no_search,no_search,True,,1115.049,no_search,True,0.2689414322376251,200.237,no_search,True,0.3886,28.926,no_search,True,0.3486451506614685,182.399
multi-072,multi,"Keep it simple, and compare that with Article 143 with a source citation.",search,search,True,,1641.251,no_search,False,0.13296423852443695,49.771,no_search,False,0.4685,27.895,no_search,False,0.3775406777858734,177.912
multi-073,multi,Explain your answer in simpler words.,no_search,no_search,True,,1404.085,no_search,True,0.09534946084022522,48.767,no_search,True,0.4169,33.897,no_search,True,0.27202457189559937,193.072
multi-074,multi,Now explain Article 161 and cite its text.,search,search,True,,2662.238,no_search,False,0.053403329104185104,105.968,no_search,False,0.4028,31.805,no_search,False,0.3380771279335022,181.436
multi-075,multi,Translate your answer to Hindi.,no_search,no_search,True,,1435.144,no_search,True,0.4687906503677368,78.754,search,False,0.6021,31.624,no_search,True,0.31742629408836365,178.706
multi-076,multi,"Keep it simple, and compare that with Article 165 with a source citation.",search,search,True,,928.83,no_search,False,0.22270014882087708,60.884,search,True,0.5088,28.705,no_search,False,0.3557748794555664,161.973
multi-077,multi,Turn your answer into bullet points.,no_search,search,False,,2107.643,search,False,0.531209409236908,55.412,no_search,True,0.3563,38.67,no_search,True,0.2782568037509918,171.201
multi-078,multi,Now explain Article 249 and cite its text.,search,search,True,,1037.068,no_search,False,0.4073334336280823,55.986,search,True,0.6083,39.301,no_search,False,0.35220178961753845,176.259
multi-079,multi,Repeat the article citation you already gave.,no_search,search,False,,2351.664,no_search,True,0.4687906503677368,52.651,no_search,True,0.4127,27.751,no_search,True,0.3208213150501251,166.92
multi-080,multi,"Keep it simple, and compare that with Article 262 with a source citation.",search,search,True,,1292.213,no_search,False,0.24508501589298248,47.22,no_search,False,0.4335,84.815,no_search,False,0.37387582659721375,163.674
multi-081,multi,Summarize your answer in one sentence.,no_search,no_search,True,,1038.292,no_search,True,0.2689414322376251,46.984,no_search,True,0.3291,39.153,no_search,True,0.2751297354698181,180.922
multi-082,multi,Now explain Article 263 and cite its text.,search,search,True,,1360.748,no_search,False,0.22270014882087708,50.053,no_search,False,0.3883,40.761,no_search,False,0.33111974596977234,193.217
multi-083,multi,Explain your answer in simpler words.,no_search,search,False,,1595.484,no_search,True,0.22270014882087708,44.294,no_search,True,0.3706,27.007,no_search,True,0.32423537969589233,187.635
multi-084,multi,"Keep it simple, and compare that with Article 312 with a source citation.",search,search,True,,1351.565,no_search,False,0.18242551386356354,60.514,search,True,0.5316,32.391,no_search,False,0.37022536993026733,182.274
multi-085,multi,Translate your answer to Hindi.,no_search,no_search,True,,1111.498,no_search,True,0.3923368752002716,45.284,no_search,True,0.4019,31.841,no_search,True,0.2798285186290741,209.005
multi-086,multi,Now explain Article 315 and cite its text.,search,search,True,,1444.777,no_search,False,0.2120688110589981,45.05,no_search,False,0.4651,30.484,no_search,False,0.33111974596977234,190.517
multi-087,multi,Turn your answer into bullet points.,no_search,no_search,True,,1627.848,no_search,True,0.4378235340118408,45.119,no_search,True,0.1642,27.908,no_search,True,0.33111974596977234,166.232
multi-088,multi,"Keep it simple, and compare that with Article 338 with a source citation.",search,search,True,,958.906,no_search,False,0.22270014882087708,43.43,no_search,False,0.4753,35.148,no_search,False,0.36658975481987,188.034
multi-089,multi,Repeat the article citation you already gave.,no_search,search,False,,1051.83,no_search,True,0.3208213150501251,58.234,no_search,True,0.4271,37.984,no_search,True,0.2598256468772888,212.369
multi-090,multi,Now explain Article 243G and cite its text.,search,search,True,,1096.679,no_search,False,0.13296423852443695,161.444,no_search,False,0.3226,37.63,no_search,False,0.3208213150501251,189.363
multi-091,multi,Summarize your answer in one sentence.,no_search,no_search,True,,1010.278,search,False,0.562176525592804,49.118,no_search,True,0.3376,26.016,no_search,True,0.3923368453979492,193.714
multi-092,multi,"Keep it simple, and compare that with Article 243W with a source citation.",search,search,True,,1476.061,no_search,False,0.18242551386356354,53.74,no_search,False,0.373,61.182,no_search,False,0.4035668969154358,157.223
multi-093,multi,Explain your answer in simpler words.,no_search,search,False,,1077.382,no_search,True,0.4687906503677368,69.261,no_search,True,0.3773,83.742,no_search,True,0.29746994376182556,172.025
multi-094,multi,Now explain Article 246 and cite its text.,search,search,True,,833.714,no_search,False,0.3486451804637909,53.718,no_search,False,0.2686,42.223,no_search,False,0.37022536993026733,203.051
multi-095,multi,Translate your answer to Hindi.,no_search,no_search,True,,1034.847,no_search,True,0.3208213150501251,60.674,no_search,True,0.1571,51.859,no_search,True,0.30404165387153625,174.605
multi-096,multi,"Keep it simple, and compare that with Article 265 with a source citation.",search,search,True,,867.124,no_search,False,0.14804719388484955,57.027,no_search,False,0.2808,36.597,no_search,False,0.3557748794555664,197.105
multi-097,multi,Turn your answer into bullet points.,no_search,no_search,True,,1227.145,search,False,0.6513549089431763,51.515,no_search,True,0.2735,45.015,no_search,True,0.2689414322376251,203.168
multi-098,multi,Now explain Article 275 and cite its text.,search,search,True,,1314.282,search,True,0.562176525592804,48.041,no_search,False,0.2747,45.134,no_search,False,0.32766830921173096,183.845
multi-099,multi,Repeat the article citation you already gave.,no_search,no_search,True,,765.914,no_search,True,0.4378235340118408,53.905,no_search,True,0.287,32.241,no_search,True,0.3345894515514374,173.944
multi-100,multi,"Keep it simple, and compare that with Article 359 with a source citation.",search,search,True,,933.016,no_search,False,0.22270014882087708,54.048,no_search,False,0.2732,28.244,no_search,False,0.3812195658683777,208.532
